{
    "metrics": {
        "mse": {
            "mean": 768716442828.8,
            "std": 344886242228.9375,
            "folds": [
                1295484715008.0,
                577130397696.0,
                892443557888.0,
                822047277056.0,
                256476266496.0
            ]
        },
        "rmse": {
            "mean": 851136.0008044159,
            "std": 210437.52270796534,
            "folds": [
                1138193.6192968225,
                759690.9882945828,
                944692.3085788303,
                906668.2287672817,
                506434.8590845618
            ]
        },
        "mae": {
            "mean": 474563.44375,
            "std": 112458.44025687681,
            "folds": [
                630316.4375,
                450640.625,
                516188.375,
                491824.4375,
                283847.34375
            ]
        },
        "r2": {
            "mean": 0.5411672949790954,
            "std": 0.16746002133535176,
            "folds": [
                0.3011118769645691,
                0.5088438987731934,
                0.47056132555007935,
                0.6184832453727722,
                0.8068361282348633
            ]
        },
        "mape": {
            "mean": 0.42892624735832213,
            "std": 0.08076452411864764,
            "folds": [
                0.5334209203720093,
                0.5121749043464661,
                0.40908029675483704,
                0.3567342460155487,
                0.33322086930274963
            ]
        }
    },
    "parameters": {
        "n_splits": 5,
        "epochs": 200,
        "batch_size": 64,
        "learning_rate": 0.001,
        "features": [
            "log_file_size",
            "size_ratio",
            "ops_per_chunk",
            "ops_density",
            "read_ratio",
            "write_ratio",
            "norm_avg_read_size",
            "norm_avg_write_size",
            "norm_max_read_size",
            "norm_max_write_size",
            "throughput_density",
            "throughput_per_op",
            "log_throughput"
        ]
    }
}