{
    "metrics": {
        "mse": {
            "mean": 116326766020.596,
            "std": 58499954723.08919,
            "folds": [
                154633273695.19693,
                46741503421.66016,
                53784355733.23499,
                198514590627.75082,
                127960106625.13702
            ]
        },
        "rmse": {
            "mean": 328922.32692836836,
            "std": 90204.59449841539,
            "folds": [
                393234.3750172369,
                216197.83398928898,
                231914.54403127672,
                445549.76223509625,
                357715.11936894286
            ]
        },
        "mae": {
            "mean": 152640.7031684026,
            "std": 42883.38172789101,
            "folds": [
                179120.66324869776,
                117696.65641276052,
                111397.91574435738,
                224057.5017361107,
                130930.77870008668
            ]
        },
        "r2": {
            "mean": 0.9312777513849374,
            "std": 0.027282522100030564,
            "folds": [
                0.9165785439202853,
                0.9602215652380641,
                0.968092678127191,
                0.9078683866020758,
                0.9036275830370708
            ]
        },
        "mape": {
            "mean": 0.12823931222294446,
            "std": 0.013591444924750824,
            "folds": [
                0.1454795213103081,
                0.1283740584888231,
                0.11048896220724908,
                0.1409019549152637,
                0.11595206419307841
            ]
        }
    },
    "parameters": {
        "n_splits": 5,
        "model_params": {
            "objective": "reg:squarederror",
            "eval_metric": [
                "rmse",
                "mae"
            ],
            "eta": 0.01,
            "max_depth": 6,
            "min_child_weight": 1,
            "subsample": 0.8,
            "colsample_bytree": 0.8,
            "seed": 42
        },
        "features": [
            "log_file_size",
            "size_ratio",
            "ops_per_chunk",
            "ops_density",
            "read_ratio",
            "write_ratio",
            "norm_avg_read_size",
            "norm_avg_write_size",
            "norm_max_read_size",
            "norm_max_write_size",
            "throughput_density",
            "throughput_per_op",
            "log_throughput"
        ]
    }
}