{
    "metrics": {
        "mse": {
            "mean": 2771522.6882454725,
            "std": 686325.7835289888,
            "folds": [
                2417840.236361721,
                2278764.1730116163,
                1980551.2961535475,
                3692985.4112514295,
                3487472.32444905
            ]
        },
        "rmse": {
            "mean": 1652.2021044103826,
            "std": 204.33035610837683,
            "folds": [
                1554.9405893350784,
                1509.5576083779038,
                1407.3206088711795,
                1921.7141856299625,
                1867.477529837789
            ]
        },
        "mae": {
            "mean": 837.4290198602075,
            "std": 45.74283572743735,
            "folds": [
                838.2328562644697,
                782.3769857253823,
                790.3093533388612,
                882.0847863443545,
                894.1411176279702
            ]
        },
        "r2": {
            "mean": 0.9941448452713413,
            "std": 0.0013669660638784922,
            "folds": [
                0.9946218160218047,
                0.9952946749062861,
                0.9957419558027715,
                0.9923815475463144,
                0.9926842320795304
            ]
        },
        "mape": {
            "mean": 0.03510300692568012,
            "std": 0.001086874561880561,
            "folds": [
                0.03552996840598546,
                0.033647625137858794,
                0.036849467868165876,
                0.03435789574326403,
                0.03513007747312645
            ]
        }
    },
    "parameters": {
        "n_splits": 5,
        "model_params": {
            "objective": "reg:squarederror",
            "eval_metric": [
                "rmse",
                "mae"
            ],
            "eta": 0.01,
            "max_depth": 6,
            "min_child_weight": 1,
            "subsample": 0.8,
            "colsample_bytree": 0.8,
            "seed": 42
        },
        "features": [
            "log_file_size",
            "size_ratio",
            "ops_per_chunk",
            "ops_density",
            "read_ratio",
            "write_ratio",
            "norm_avg_read_size",
            "norm_avg_write_size",
            "norm_max_read_size",
            "norm_max_write_size",
            "throughput_density",
            "throughput_per_op",
            "log_throughput"
        ]
    }
}