{
    "metrics": {
        "mse": {
            "mean": 16351374776.428476,
            "std": 2113145967.1214728,
            "folds": [
                19092744906.25957,
                13121048052.660763,
                18204125006.07867,
                15585339658.982763,
                15753616258.160606
            ]
        },
        "rmse": {
            "mean": 127600.19480781595,
            "std": 8340.567213079588,
            "folds": [
                138176.4991098688,
                114547.14336316189,
                134922.66305583608,
                124841.25783963715,
                125513.41067057579
            ]
        },
        "mae": {
            "mean": 66261.95167214761,
            "std": 4561.8995953177355,
            "folds": [
                74114.34560546854,
                60550.54187767608,
                63708.64949254745,
                65209.14441802542,
                67727.0769670206
            ]
        },
        "r2": {
            "mean": 0.9974558936011769,
            "std": 0.0002491682099413458,
            "folds": [
                0.9971487699318595,
                0.9978438173708835,
                0.9972259601235781,
                0.9975589594007231,
                0.9975019611788404
            ]
        },
        "mape": {
            "mean": 0.031433594198503265,
            "std": 0.0030435704470757603,
            "folds": [
                0.03666682639414867,
                0.0282303315396189,
                0.029725682899640657,
                0.03296078495521309,
                0.029584345203895007
            ]
        }
    },
    "parameters": {
        "n_splits": 5,
        "model_params": {
            "objective": "reg:squarederror",
            "eval_metric": [
                "rmse",
                "mae"
            ],
            "eta": 0.01,
            "max_depth": 6,
            "min_child_weight": 1,
            "subsample": 0.8,
            "colsample_bytree": 0.8,
            "seed": 42
        },
        "features": [
            "log_file_size",
            "size_ratio",
            "ops_per_chunk",
            "ops_density",
            "read_ratio",
            "write_ratio",
            "norm_avg_read_size",
            "norm_avg_write_size",
            "norm_max_read_size",
            "norm_max_write_size",
            "throughput_density",
            "throughput_per_op",
            "log_throughput"
        ]
    }
}