{
    "metrics": {
        "mse": {
            "mean": 646009857638.4,
            "std": 291056554343.99164,
            "folds": [
                1075469418496.0,
                395092230144.0,
                772307550208.0,
                732085026816.0,
                255095062528.0
            ]
        },
        "rmse": {
            "mean": 781022.2766719001,
            "std": 189773.7099301219,
            "folds": [
                1037048.4166595116,
                628563.6245790875,
                878810.3038813325,
                855619.6741637023,
                505069.3640758663
            ]
        },
        "mae": {
            "mean": 444787.775,
            "std": 97631.06930665413,
            "folds": [
                592846.25,
                388677.6875,
                482189.21875,
                460190.6875,
                300035.03125
            ]
        },
        "r2": {
            "mean": 0.6187026143074036,
            "std": 0.13039275448529022,
            "folds": [
                0.41980576515197754,
                0.6637641191482544,
                0.5418314933776855,
                0.6602352857589722,
                0.8078764081001282
            ]
        },
        "mape": {
            "mean": 0.39395026564598085,
            "std": 0.07653484775990042,
            "folds": [
                0.5365775227546692,
                0.40087541937828064,
                0.3275449573993683,
                0.3296716809272766,
                0.37508174777030945
            ]
        }
    },
    "parameters": {
        "n_splits": 5,
        "epochs": 200,
        "batch_size": 64,
        "learning_rate": 0.001,
        "features": [
            "log_file_size",
            "size_ratio",
            "ops_per_chunk",
            "ops_density",
            "read_ratio",
            "write_ratio",
            "norm_avg_read_size",
            "norm_avg_write_size",
            "norm_max_read_size",
            "norm_max_write_size",
            "throughput_density",
            "throughput_per_op",
            "log_throughput"
        ]
    }
}