{
    "timestamp": "20250416_131350",
    "metrics": {
        "logloss": {
            "mean": 0.01584817975739853,
            "std": 0.0012818819786291247,
            "folds": [
                0.015226250213512633,
                0.01571372994142951,
                0.016366861364840557,
                0.014028736446594884,
                0.01790532082061505
            ]
        },
        "accuracy": {
            "mean": 0.9945762711864408,
            "std": 0.0006826450123000303,
            "folds": [
                0.9951828724353255,
                0.9939339875111508,
                0.9935771632471008,
                0.9951828724353255,
                0.9950044603033006
            ]
        },
        "precision": {
            "mean": 0.9894502819867697,
            "std": 0.0018937545918303734,
            "folds": [
                0.9920079920079921,
                0.98659793814433,
                0.9883662114314619,
                0.989388580090955,
                0.9908906882591093
            ]
        },
        "recall": {
            "mean": 0.9951168133515436,
            "std": 0.0012058613109824953,
            "folds": [
                0.9944917376064096,
                0.9958376690946931,
                0.9933909506863243,
                0.9969450101832994,
                0.9949186991869918
            ]
        },
        "f1": {
            "mean": 0.9922739649852639,
            "std": 0.0010237244783941554,
            "folds": [
                0.9932483120780196,
                0.9911962713619886,
                0.9908722109533468,
                0.993152422013695,
                0.9929006085192698
            ]
        },
        "auc_roc": {
            "mean": 0.9998971820658087,
            "std": 1.419386396375755e-05,
            "folds": [
                0.9998945202726485,
                0.9998940487313678,
                0.9998736714894159,
                0.9999098018661644,
                0.9999138679694468
            ]
        }
    },
    "parameters": {
        "n_splits": 5,
        "model_params": {
            "objective": "binary:logistic",
            "eval_metric": [
                "logloss",
                "error",
                "auc"
            ],
            "eta": 0.01,
            "max_depth": 6,
            "min_child_weight": 1,
            "subsample": 0.8,
            "colsample_bytree": 0.8,
            "seed": 42,
            "scale_pos_weight": 1.8544510083520065
        },
        "features": [
            "log_file_size",
            "log_chunk_size",
            "size_ratio",
            "ops_per_chunk",
            "ops_density",
            "read_ratio",
            "write_ratio",
            "norm_avg_read_KB",
            "norm_avg_write_KB",
            "norm_max_read_KB",
            "norm_max_write_KB",
            "throughput_density",
            "throughput_per_op",
            "log_throughput",
            "log_access_count",
            "access_density",
            "access_label_encoded",
            "combination_encoded"
        ],
        "best_fold": 4
    }
}